<?xml version="1.0" encoding="UTF-8" standalone="yes"?>
<addon id="plugin.video.surikata" name="Surikata TV" version="0.0.2" provider-name="Discave">
    <requires>
    </requires>
    <extension point="xbmc.python.pluginsource"
               library="player.py">
        <provides>video</provides>
    </extension>
    <extension point="xbmc.addon.metadata">
        <platform>all</platform>
        <summary>A tua lista de IPTV</summary>
        <description>Junta-te a nos, no GitHub em https://github.com/adrianoafonso/myIPTVchannels, adiciona, edita, faz esta lista ser tua tambem.</description>
    </extension>
</addon>