<?xml version="1.0" encoding="UTF-8" standalone="yes"?>
<addon id="plugin.video.teamblue"
       name="TeamBlue Live Events"
       version="2.1"
       provider-name="Eduardo Pinto">
  <requires>
    <import addon="xbmc.python" version="2.1.0"/>
	<import addon="script.module.t0mm0.common" version="2.0.0"/>
    <import addon="script.module.beautifulsoup" version="3.2.1"/>
    <import addon="script.module.simple.downloader" version="0.9.4"/>
    <import addon="script.module.beautifulsoup4" />
    <import addon="script.module.simple.downloader" version="0.9.4"/>
    <import addon="script.module.requests" />
    <import addon="script.module.httplib2" />
    <import addon="script.module.youtube.dl" optional="true"/>
    <import addon="plugin.video.youtube" version="3.0.0"/>
    <import addon="script.module.urlresolver" optional="true"/>
    <import addon="script.module.simplejson" /> 
    <import addon="script.common.plugin.cache" version="2.5.2"/>
    <import addon="script.module.metahandler" version="2.5.1"/>

  </requires>
  <extension point="xbmc.python.pluginsource" library="default.py">
    <provides>video</provides>
  </extension>
  <extension point="xbmc.addon.metadata">
    <summary lang="pt">Add-on ao estilo Agenda Desportiva</summary>
    <description lang="pt">
    O add-on TeamBlue apresenta as seguintes seccoes:
    Agenda desportiva com transmissoes em direto de varias modalidades
    Sports Replays (Futebol-Desportos Motorizados-WWE-UFC-NBA)
    Canais Wolrd IPTV (Portugal-Alemanha-Espanha-Franca-Italia-Inglaterra-Brasil) 
    Canais Arenavision (para ver com o Plexus)
    Filmes e Series (usando o add-on SPECTO)
    Webcam's
    NOTA: para a correta visualizacao de alguns canais e necessario ter instalados: 
    f4mtester – f4mproxy - Sports Devil – Specto – Plexus
    O criador deste addon nao possui nem esta ligado de nenhuma forma ao conteudo nele disponibilizado.
    Apenas disponibiliza conteudos de terceiros	
	</description>
    <platform>all</platform>
  </extension>
</addon>